t911c1,t911c2,t911c4,t911c5,t911c6,t911c7,t911c8,t911c9,t911c10,t911c11,t911c12,t911c13,t911c14
Quabbs,,,,,,,,,,,,
Quabrook,,,,,,,,,,,,
Quadring,,,,,,,,,,,,
Quadring Eaudike,,,,,,,,,,,,
Quags Corner,,,,,,,,,,,,
Quaich,,,,,,,,,,,,
Quainton,,,,,,,,,,,,
Quakers Yard,,,,,,,,,,,,
Quaking Houses,,,,,,,,,,,,
Quality Corner,,,,,,,,,,,,
Quantock Hills,,,,,,,,,,,,
Quarhouse,,,,,,,,,,,,
Quarley,,,,,,,,,,,,
Quarmby,,,,,,,,,,,,
Quarndon,,,,,,,,,,,,
Quarndon Common
Quarr Hill
Quarrelton
Quarrendon
Quarrier's Village
Quarrington
Quarrington Hill
Quarry Bank
Quarry Heath
Quarry Hill
Quarrybank
Quarrymill
Quarrywood
Quarter
Quarterbank
Quatford
Quatquoy
Quatt
Quebec
Quedgeley
Queen Adelaide
Queen Camel
Queen Charlton
Queen Dart
Queen Oak
Queen Street
Queenborough
Queenhill
Queen's Bower
Queen's Corner
Queen's Head
Queen's Park
Queensbury
Queensferry
Queenslie
Queenstown
Queensville
Queensway
Queenzieburn
Quemerford
Quendale
Quendon
Queniborough
Quenington
Quernmore
Queslett
Quethiock
Quhamm
Quholm
Quick
Quick Edge
Quick's Green
Quidenham
Quidhampton
Quilquox
Quina Brook
Quinbury End
Quine's Hill
Quinton
Quintrell Downs
Quixhill
Quoditch
Quoich
Quoisley
Quoit
Quorn
Quorndon
Quothquan
Quoyloo
Quoyness
Quoys
Quoys of Catfirth
